Actions,WIID,Description,Type,Status,Date
,79517817,Calculate Client Security Hash,WI5,Open,2020-02-18
,79517808,Calculate Client Security Hash,WI5,Open,2020-08-31
,79517807,Calculate Client Security Hash,WI5,Open,2017-06-13
,79517810,Calculate Client Security Hash,WI5,Open,2020-11-29
,79517820,Calculate Client Security Hash,WI5,Open,2017-01-28
,79517811,Calculate Client Security Hash,WI5,Open,2021-11-27
,79517814,Calculate Client Security Hash,WI5,Open,2019-07-16
,79517815,Calculate Client Security Hash,WI5,Open,2018-03-08
,79517806,Calculate Client Security Hash,WI5,Open,2017-07-20
,79517816,Calculate Client Security Hash,WI5,Open,2018-12-25
,79517818,Calculate Client Security Hash,WI5,Open,2017-06-17
,79517809,Calculate Client Security Hash,WI5,Open,2019-11-08
,79517812,Calculate Client Security Hash,WI5,Open,2018-07-07
,79517819,Calculate Client Security Hash,WI5,Open,2019-02-18
,79517805,Calculate Client Security Hash,WI5,Open,2019-05-18
,79517813,Calculate Client Security Hash,WI5,Open,2020-01-20
